{"stat.useItem.minecraft.iron_bars":46,"stat.useItem.minecraft.brick_stairs":137,"stat.useItem.minecraft.lapis_block":8,"stat.walkOneCm":145962,"stat.useItem.minecraft.quartz_block":760,"stat.useItem.minecraft.stone":473,"stat.pickup.minecraft.wooden_axe":1,"stat.useItem.minecraft.quartz_stairs":3,"stat.leaveGame":8,"stat.useItem.minecraft.log":52,"stat.useItem.minecraft.cobblestone":27,"stat.useItem.minecraft.gold_ore":365,"stat.useItem.minecraft.glowstone":10,"stat.useItem.minecraft.packed_ice":17,"stat.jump":262,"stat.useItem.minecraft.planks":9,"stat.useItem.minecraft.sea_lantern":1,"stat.crouchOneCm":3068,"stat.useItem.minecraft.obsidian":298,"stat.useItem.minecraft.stone_button":21,"stat.useItem.minecraft.dirt":167,"stat.useItem.minecraft.coal_ore":46,"stat.sprintOneCm":31706,"stat.useItem.minecraft.netherrack":42,"stat.useItem.minecraft.prismarine":12,"stat.useItem.minecraft.stone_slab":597,"stat.useItem.minecraft.flint_and_steel":23,"stat.useItem.minecraft.iron_block":195,"stat.useItem.minecraft.iron_ore":222,"stat.useItem.minecraft.stonebrick":22,"stat.flyOneCm":2806903,"stat.useItem.minecraft.birch_fence":20,"stat.drop":1,"stat.playOneMinute":191525,"stat.sneakTime":8559,"stat.useItem.minecraft.wool":287,"stat.timeSinceDeath":191525,"stat.useItem.minecraft.wooden_slab":74,"stat.drop.minecraft.wooden_axe":1}