{"stat.useItem.minecraft.iron_bars":46,"stat.useItem.minecraft.brick_stairs":123,"stat.walkOneCm":127531,"stat.useItem.minecraft.stone_slab":124,"stat.useItem.minecraft.quartz_block":455,"stat.useItem.minecraft.stone":473,"stat.pickup.minecraft.wooden_axe":1,"stat.leaveGame":5,"stat.useItem.minecraft.flint_and_steel":23,"stat.useItem.minecraft.iron_block":195,"stat.useItem.minecraft.log":24,"stat.useItem.minecraft.iron_ore":46,"stat.useItem.minecraft.cobblestone":27,"stat.useItem.minecraft.stonebrick":22,"stat.flyOneCm":1461822,"stat.useItem.minecraft.birch_fence":20,"stat.drop":1,"stat.jump":190,"stat.playOneMinute":120748,"stat.useItem.minecraft.planks":9,"stat.sneakTime":5113,"stat.crouchOneCm":2355,"stat.useItem.minecraft.wool":284,"stat.timeSinceDeath":120748,"stat.useItem.minecraft.obsidian":111,"stat.useItem.minecraft.stone_button":21,"stat.useItem.minecraft.dirt":46,"stat.useItem.minecraft.coal_ore":46,"stat.sprintOneCm":26117,"stat.useItem.minecraft.wooden_slab":61,"stat.drop.minecraft.wooden_axe":1,"stat.useItem.minecraft.netherrack":42}