{"stat.useItem.minecraft.brick_stairs":137,"stat.useItem.minecraft.lapis_block":114,"stat.useItem.minecraft.quartz_block":760,"stat.useItem.minecraft.stone":586,"stat.useItem.minecraft.quartz_stairs":3,"stat.leaveGame":18,"stat.useItem.minecraft.beacon":1,"stat.useItem.minecraft.glowstone":10,"stat.useItem.minecraft.packed_ice":17,"stat.jump":924,"stat.swimOneCm":2143,"stat.useItem.minecraft.planks":548,"stat.useItem.minecraft.nether_brick_stairs":181,"stat.crouchOneCm":9540,"stat.useItem.minecraft.coal_block":249,"stat.useItem.minecraft.obsidian":350,"stat.useItem.minecraft.stone_button":21,"stat.useItem.minecraft.dirt":3037,"stat.useItem.minecraft.coal_ore":46,"stat.useItem.minecraft.water_bucket":9,"stat.useItem.minecraft.sapling":207,"stat.useItem.minecraft.iron_ore":222,"stat.useItem.minecraft.stone_brick_stairs":34,"stat.flyOneCm":11561377,"stat.useItem.minecraft.birch_fence":20,"stat.useItem.minecraft.wool":1634,"stat.timeSinceDeath":751300,"stat.useItem.minecraft.wooden_slab":89,"stat.useItem.minecraft.iron_bars":46,"stat.walkOneCm":302329,"stat.pickup.minecraft.wooden_axe":2,"stat.useItem.minecraft.log":52,"stat.useItem.minecraft.oak_stairs":97,"stat.useItem.minecraft.cobblestone":282,"stat.useItem.minecraft.gold_ore":365,"stat.drop.minecraft.wool":1,"stat.useItem.minecraft.end_stone":53,"stat.useItem.minecraft.sea_lantern":130,"stat.sprintOneCm":94087,"stat.useItem.minecraft.stained_glass":480,"stat.useItem.minecraft.netherrack":42,"stat.useItem.minecraft.prismarine":1128,"stat.useItem.minecraft.stone_slab":649,"stat.useItem.minecraft.flint_and_steel":23,"stat.useItem.minecraft.iron_block":207,"stat.useItem.minecraft.stonebrick":1832,"stat.drop":3,"stat.playOneMinute":751300,"stat.useItem.minecraft.nether_brick":719,"stat.sneakTime":42550,"stat.pickup.minecraft.wool":1,"stat.drop.minecraft.wooden_axe":2,"stat.diveOneCm":691}