{"stat.useItem.minecraft.iron_bars":46,"stat.walkOneCm":94173,"stat.useItem.minecraft.stone":473,"stat.leaveGame":4,"stat.useItem.minecraft.flint_and_steel":23,"stat.useItem.minecraft.iron_block":195,"stat.useItem.minecraft.cobblestone":27,"stat.useItem.minecraft.stonebrick":22,"stat.flyOneCm":496550,"stat.useItem.minecraft.birch_fence":20,"stat.jump":96,"stat.playOneMinute":55725,"stat.sneakTime":1081,"stat.crouchOneCm":795,"stat.useItem.minecraft.wool":131,"stat.timeSinceDeath":55725,"stat.useItem.minecraft.stone_button":21,"stat.useItem.minecraft.dirt":46,"stat.sprintOneCm":20157,"stat.useItem.minecraft.netherrack":42}