{"stat.useItem.minecraft.brick_stairs":137,"stat.useItem.minecraft.lapis_block":65,"stat.useItem.minecraft.quartz_block":760,"stat.useItem.minecraft.stone":485,"stat.useItem.minecraft.quartz_stairs":3,"stat.leaveGame":13,"stat.useItem.minecraft.glowstone":10,"stat.useItem.minecraft.packed_ice":17,"stat.jump":684,"stat.swimOneCm":1368,"stat.useItem.minecraft.planks":548,"stat.useItem.minecraft.nether_brick_stairs":181,"stat.crouchOneCm":6804,"stat.useItem.minecraft.obsidian":337,"stat.useItem.minecraft.stone_button":21,"stat.useItem.minecraft.dirt":188,"stat.useItem.minecraft.coal_ore":46,"stat.useItem.minecraft.iron_ore":222,"stat.useItem.minecraft.stone_brick_stairs":15,"stat.flyOneCm":6745521,"stat.useItem.minecraft.birch_fence":20,"stat.useItem.minecraft.wool":486,"stat.timeSinceDeath":458200,"stat.useItem.minecraft.wooden_slab":74,"stat.useItem.minecraft.iron_bars":46,"stat.walkOneCm":251648,"stat.pickup.minecraft.wooden_axe":1,"stat.useItem.minecraft.log":52,"stat.useItem.minecraft.oak_stairs":97,"stat.useItem.minecraft.cobblestone":27,"stat.useItem.minecraft.gold_ore":365,"stat.useItem.minecraft.sea_lantern":38,"stat.sprintOneCm":61996,"stat.useItem.minecraft.stained_glass":107,"stat.useItem.minecraft.netherrack":42,"stat.useItem.minecraft.prismarine":540,"stat.useItem.minecraft.stone_slab":597,"stat.useItem.minecraft.flint_and_steel":23,"stat.useItem.minecraft.iron_block":195,"stat.useItem.minecraft.stonebrick":819,"stat.drop":1,"stat.playOneMinute":458200,"stat.useItem.minecraft.nether_brick":719,"stat.sneakTime":25119,"stat.drop.minecraft.wooden_axe":1,"stat.diveOneCm":691}