{"stat.useItem.minecraft.brick_stairs":137,"stat.useItem.minecraft.lapis_block":118,"stat.useItem.minecraft.chain_command_block":31,"stat.useItem.minecraft.quartz_block":760,"stat.useItem.minecraft.stone":641,"stat.useItem.minecraft.quartz_stairs":61,"stat.useItem.minecraft.repeater":23,"stat.leaveGame":21,"stat.useItem.minecraft.acacia_fence_gate":17,"stat.useItem.minecraft.beacon":1,"stat.pickup.minecraft.flower_pot":6,"stat.useItem.minecraft.glowstone":15,"stat.useItem.minecraft.packed_ice":17,"stat.jump":1632,"stat.swimOneCm":102337,"stat.useItem.minecraft.planks":548,"stat.useItem.minecraft.nether_brick_stairs":181,"stat.crouchOneCm":19753,"stat.useItem.minecraft.coal_block":249,"stat.useItem.minecraft.nether_brick_fence":1,"stat.useItem.minecraft.obsidian":350,"stat.useItem.minecraft.stone_button":124,"stat.useItem.minecraft.dirt":3053,"stat.useItem.minecraft.coal_ore":46,"stat.useItem.minecraft.water_bucket":9,"stat.useItem.minecraft.glass":46,"stat.useItem.minecraft.sapling":207,"stat.useItem.minecraft.redstone_lamp":29,"stat.useItem.minecraft.iron_ore":222,"stat.useItem.minecraft.dark_oak_fence":114,"stat.useItem.minecraft.stone_brick_stairs":50,"stat.useItem.minecraft.anvil":2,"stat.flyOneCm":13483801,"stat.useItem.minecraft.birch_fence":20,"stat.pickup.minecraft.stained_glass":1,"stat.useItem.minecraft.wool":1634,"stat.timeSinceDeath":666138,"stat.useItem.minecraft.sign":95,"stat.useItem.minecraft.wooden_slab":89,"stat.useItem.minecraft.iron_bars":46,"stat.flowerPotted":28,"stat.useItem.minecraft.command_block":95,"stat.walkOneCm":560310,"stat.useItem.minecraft.torch":1,"stat.useItem.minecraft.lever":7,"stat.pickup.minecraft.wooden_axe":4,"stat.useItem.minecraft.log":52,"stat.useItem.minecraft.oak_stairs":97,"stat.useItem.minecraft.cobblestone":282,"stat.drop.minecraft.stained_glass":1,"stat.useItem.minecraft.gold_ore":365,"stat.drop.minecraft.wool":1,"stat.drop.minecraft.red_flower":1,"stat.useItem.minecraft.end_stone":53,"stat.useItem.minecraft.sea_lantern":135,"stat.pickup.minecraft.sapling":1,"stat.useItem.minecraft.leaves":2,"stat.sprintOneCm":307160,"stat.useItem.minecraft.stained_glass":490,"stat.useItem.minecraft.netherrack":42,"stat.useItem.minecraft.prismarine":1251,"stat.useItem.minecraft.stone_slab":649,"stat.useItem.minecraft.acacia_fence":7,"stat.useItem.minecraft.barrier":12,"stat.useItem.minecraft.flint_and_steel":48,"stat.useItem.minecraft.iron_block":224,"stat.useItem.minecraft.lingering_potion":5,"stat.useItem.minecraft.stonebrick":1938,"stat.deaths":1,"stat.drop":7,"stat.playOneMinute":2151903,"stat.pickup.minecraft.stone_button":2,"stat.pickup.minecraft.red_flower":2,"stat.useItem.minecraft.nether_brick":719,"stat.sneakTime":52891,"stat.pickup.minecraft.wool":1,"stat.drop.minecraft.wooden_axe":4,"stat.diveOneCm":74516,"stat.useItem.minecraft.fishing_rod":447}